-- Database Initialization
-- Executive Order Corporation
-- Copyright - 1978, 2019: Executive Order Corporation, All Rights Reserved
-- Populate the database with data.
-- ---------------------------------------------------------------------------

INSERT INTO Insurer(name) VALUES
    ("Co-operators Insurance Company of USA"),
    ("State Farm Underwriters Incorporated"),
    ("Allstate International Insurance Company Ltd."),
    ("Metropolitan Life Insurance Company"),
    ("The General Insurance Company"),
    ("USAA Insurance Company (USAA)");

-- Source: http://answers.google.com/answers/threadview/id/767894.html
INSERT INTO AutoMaker(name) VALUES
    ("ASTON MARTIN"),
    ("AUDI"),
    ("BENTLEY"),
    ("BMW"),
    ("BUGATTI"),
    ("DAIMLERCHRYSLER"),
    ("FERRARI"),
    ("FORD"),
    ("FUJI"),
    ("GM"),
    ("HONDA"),
    ("HYUNDAI"),
    ("JAGUAR"),
    ("KIA"),
    ("LAMBORGHINI"),
    ("LAND ROVER"),
    ("LOTUS"),
    ("MASERATI"),
    ("MAZDA"),
    ("MERCEDES BENZ"),
    ("MITSUBISHI"),
    ("NUMMI"),
    ("NISSAN"),
    ("PORSCHE"),
    ("ROLLS-ROYCE"),
    ("ROUSH"),
    ("SPYDER"),
    ("SUZUKI"),
    ("TOYOTA"),
    ("VOLKSWAGEN"),
    ("VOLVO");

-- Source: http://answers.google.com/answers/threadview/id/767894.html
INSERT INTO Auto (make, model) VALUES
    ("ASTON MARTIN", "DB9 COUPE"),
    ("ASTON MARTIN", "DB9 COUPE MANUAL"),
    ("ASTON MARTIN", "DB9 VOLANTE"),
    ("ASTON MARTIN", "V12 VANQUISH S"),
    ("ASTON MARTIN", "V8 VANTAGE"),
    ("AUDI", "A3"),
    ("AUDI", "A4"),
    ("AUDI", "A4 AVANT QUATTRO"),
    ("AUDI", "A4 CABRIOLET"),
    ("AUDI", "A4 CABRIOLET QUATTRO"),
    ("AUDI", "A4 QUATTRO"),
    ("AUDI", "A6"),
    ("AUDI", "A6 AVANT QUATTRO"),
    ("AUDI", "A6 QUATTRO"),
    ("AUDI", "A8 L"),
    ("AUDI", "GTI"),
    ("AUDI", "PASSAT"),
    ("AUDI", "S4"),
    ("AUDI", "S4 AVANT"),
    ("AUDI", "S4 CABRIOLET"),
    ("AUDI", "TT COUPE"),
    ("AUDI", "TT ROADSTER"),
    ("BENTLEY", "BENTLEY ARNAGE"),
    ("BENTLEY", "CONTINENTAL FLYING SPUR"),
    ("BENTLEY", "CONTINENTAL GT"),
    ("BMW", "325CI CONVERTIBLE"),
    ("BMW", "325I"),
    ("BMW", "325XI"),
    ("BMW", "325XI SPORT WAGON"),
    ("BMW", "330CI CONVERTIBLE"),
    ("BMW", "330I"),
    ("BMW", "330XI"),
    ("BMW", "525I"),
    ("BMW", "525XI"),
    ("BMW", "530I"),
    ("BMW", "530XI"),
    ("BMW", "530XI SPORT WAGON"),
    ("BMW", "550I"),
    ("BMW", "650CI"),
    ("BMW", "650CI CONVERTIBLE"),
    ("BMW", "750LI"),
    ("BMW", "760LI"),
    ("BMW", "M3"),
    ("BMW", "M3 CONVERTIBLE"),
    ("BMW", "M5"),
    ("BMW", "M6"),
    ("BMW", "MINI COOPER"),
    ("BMW", "MINI COOPER CONVERTIBLE"),
    ("BMW", "MINI COOPER S"),
    ("BMW", "MINI COOPER S CONVERTIBLE"),
    ("BMW", "X3"),
    ("BMW", "X5"),
    ("BMW", "X5 4.8IS"),
    ("BMW", "Z4 3.0 SI COUPE"),
    ("BMW", "Z4 3.0I"),
    ("BMW", "Z4 3.0SI"),
    ("BMW", "Z4 M ROADSTER"),
    ("BUGATTI", "VEYRON"),
    ("DAIMLERCHRYSLER", "300C/SRT-8"),
    ("DAIMLERCHRYSLER", "CARAVAN 2WD"),
    ("DAIMLERCHRYSLER", "CHARGER"),
    ("DAIMLERCHRYSLER", "COMMANDER 4WD"),
    ("DAIMLERCHRYSLER", "CROSSFIRE ROADSTER"),
    ("DAIMLERCHRYSLER", "DAKOTA PICKUP 2WD"),
    ("DAIMLERCHRYSLER", "DAKOTA PICKUP 4WD"),
    ("DAIMLERCHRYSLER", "DURANGO 2WD"),
    ("DAIMLERCHRYSLER", "DURANGO 4WD"),
    ("DAIMLERCHRYSLER", "GRAND CHEROKEE 2WD"),
    ("DAIMLERCHRYSLER", "GRAND CHEROKEE 4WD"),
    ("DAIMLERCHRYSLER", "LIBERTY/CHEROKEE 2WD"),
    ("DAIMLERCHRYSLER", "LIBERTY/CHEROKEE 4WD"),
    ("DAIMLERCHRYSLER", "PACIFICA 2WD"),
    ("DAIMLERCHRYSLER", "PACIFICA AWD"),
    ("DAIMLERCHRYSLER", "PT CRUISER"),
    ("DAIMLERCHRYSLER", "RAM 1500 PICKUP 2WD"),
    ("DAIMLERCHRYSLER", "RAM 1500 PICKUP 4WD"),
    ("DAIMLERCHRYSLER", "SEBRING 4-DR"),
    ("DAIMLERCHRYSLER", "STRATUS 4-DR"),
    ("DAIMLERCHRYSLER", "TOWN & COUNTRY 2WD"),
    ("DAIMLERCHRYSLER", "VIPER CONVERTIBLE"),
    ("DAIMLERCHRYSLER", "WRANGLER/TJ 4WD"),
    ("FERRARI", "F430"),
    ("FERRARI", "FERRARI 612 SCAGLIETTI"),
    ("FERRARI", "FERRARI F141"),
    ("FORD", "B4000 4WD"),
    ("FORD", "CROWN VICTORIA POLICE"),
    ("FORD", "E150 CLUB WAGON"),
    ("FORD", "E150 ECONOLINE 2WD"),
    ("FORD", "ESCAPE 4WD"),
    ("FORD", "ESCAPE FWD"),
    ("FORD", "ESCAPE HYBRID 4WD"),
    ("FORD", "ESCAPE HYBRID FWD"),
    ("FORD", "EXPEDITION 2WD"),
    ("FORD", "EXPLORER 2WD"),
    ("FORD", "EXPLORER 4WD"),
    ("FORD", "F150 FFV  2WD"),
    ("FORD", "F150 FFV  4WD"),
    ("FORD", "F150 PICKUP 2WD"),
    ("FORD", "F150 PICKUP 4WD"),
    ("FORD", "FIVE HUNDRED AWD"),
    ("FORD", "FIVE HUNDRED FWD"),
    ("FORD", "FOCUS  FWD"),
    ("FORD", "FOCUS STATION WAG"),
    ("FORD", "FREESTAR WAGON FWD"),
    ("FORD", "FREESTYLE AWD"),
    ("FORD", "FREESTYLE FWD"),
    ("FORD", "GRAND MARQUIS"),
    ("FORD", "GT 2WD"),
    ("FORD", "LS"),
    ("FORD", "MARK LT"),
    ("FORD", "MILAN"),
    ("FORD", "MONTEREY WAGON FWD"),
    ("FORD", "MOUNTAINEER 4WD"),
    ("FORD", "MUSTANG"),
    ("FORD", "NAVIGATOR 2WD"),
    ("FORD", "RANGER PICKUP 2WD"),
    ("FORD", "RANGER PICKUP 4WD"),
    ("FORD", "TAURUS"),
    ("FORD", "TAURUS ETHANOL FFV"),
    ("FORD", "THUNDERBIRD"),
    ("FORD", "TOWN CAR"),
    ("FORD", "ZEPHYR"),
    ("FUJI", "B9 TRIBECA AWD"),
    ("FUJI", "BAJA AWD"),
    ("FUJI", "FORESTER AWD"),
    ("FUJI", "IMPREZA AWD"),
    ("FUJI", "IMPREZA WGN/OUTBACK SPT AWD"),
    ("FUJI", "LEGACY AWD"),
    ("FUJI", "LEGACY WAGON AWD"),
    ("FUJI", "OUTBACK AWD"),
    ("FUJI", "OUTBACK WAGON AWD"),
    ("GM", "9-3 CONVERTIBLE"),
    ("GM", "9-3 SPORT SEDAN"),
    ("GM", "9-5 SEDAN"),
    ("GM", "C15 SILVERADO HYBRID 2WD"),
    ("GM", "C1500 SILVERADO 2WD"),
    ("GM", "C1500 SUBURBAN 2WD"),
    ("GM", "C1500 TAHOE 2WD"),
    ("GM", "C1500 YUKON 2WD"),
    ("GM", "COBALT"),
    ("GM", "COLORADO 2WD"),
    ("GM", "COLORADO 4WD"),
    ("GM", "COLORADO CAB CHASSIS INC 2WD"),
    ("GM", "COLORADO CREW CAB 2WD"),
    ("GM", "COLORADO CREW CAB 4WD"),
    ("GM", "CORVETTE"),
    ("GM", "CTS"),
    ("GM", "DTS"),
    ("GM", "ENVOY 2WD"),
    ("GM", "ENVOY XL 4WD"),
    ("GM", "EQUINOX AWD"),
    ("GM", "EQUINOX FWD"),
    ("GM", "ESCALADE 2WD"),
    ("GM", "ESCALADE ESV AWD"),
    ("GM", "G15/25CHEV VAN 2WD CONV"),
    ("GM", "G1500/2500 CHEVY EXPRESS 2WD"),
    ("GM", "G1500/2500 CHEVY VAN 2WD"),
    ("GM", "G6"),
    ("GM", "G6 GT/GTP CONVERTIBLE"),
    ("GM", "GRAND PRIX"),
    ("GM", "GTO"),
    ("GM", "H3 4WD"),
    ("GM", "HHR FWD"),
    ("GM", "I-280 2WD EXT CAB"),
    ("GM", "IMPALA"),
    ("GM", "K15 SILVERADO HYBRID 4WD"),
    ("GM", "K1500 AVALANCHE 4WD"),
    ("GM", "K1500 SILVERADO 4WD"),
    ("GM", "K1500 TAHOE 4WD"),
    ("GM", "LACROSSE/ALLURE"),
    ("GM", "LIMOUSINE"),
    ("GM", "MALIBU"),
    ("GM", "MONTANA SV6 AWD"),
    ("GM", "MONTE CARLO"),
    ("GM", "RENDEZVOUS AWD"),
    ("GM", "RENDEZVOUS FWD"),
    ("GM", "SOLSTICE"),
    ("GM", "SRX 2WD"),
    ("GM", "SRX AWD"),
    ("GM", "SSR PICKUP 2WD"),
    ("GM", "STS"),
    ("GM", "STS AWD"),
    ("GM", "TERRAZA FWD"),
    ("GM", "TRAILBLAZER 2WD"),
    ("GM", "TRAILBLAZER 4WD"),
    ("GM", "TRAILBLAZER AWD"),
    ("GM", "TRAILBLAZER EXT 4WD"),
    ("GM", "UPLANDER FWD"),
    ("GM", "VUE AWD"),
    ("GM", "VUE FWD"),
    ("GM", "XLR"),
    ("GM", "AVEO"),
    ("GM", "FORENZA"),
    ("GM", "FORENZA WAGON"),
    ("GM", "VERONA"),
    ("HONDA", "ACCORD"),
    ("HONDA", "ACCORD HYBRID"),
    ("HONDA", "CIVIC"),
    ("HONDA", "CIVIC HYBRID"),
    ("HONDA", "CR-V 2WD"),
    ("HONDA", "CR-V 4WD"),
    ("HONDA", "ELEMENT 2WD"),
    ("HONDA", "ELEMENT 4WD"),
    ("HONDA", "INSIGHT"),
    ("HONDA", "MDX 4WD"),
    ("HONDA", "ODYSSEY 2WD"),
    ("HONDA", "PILOT 2WD"),
    ("HONDA", "PILOT 4WD"),
    ("HONDA", "RIDGELINE 4WD"),
    ("HONDA", "RL"),
    ("HONDA", "RSX"),
    ("HONDA", "S2000"),
    ("HONDA", "TL"),
    ("HONDA", "TSX"),
    ("HYUNDAI", "ACCENT"),
    ("HYUNDAI", "AZERA"),
    ("HYUNDAI", "ELANTRA"),
    ("HYUNDAI", "SANTAFE 2WD"),
    ("HYUNDAI", "SANTAFE 4WD"),
    ("HYUNDAI", "SONATA"),
    ("HYUNDAI", "TIBURON"),
    ("HYUNDAI", "TUCSON 2WD"),
    ("HYUNDAI", "TUCSON 4WD"),
    ("JAGUAR", "JAGUAR S-TYPE 3.0 LITRE"),
    ("JAGUAR", "JAGUAR S-TYPE 4.2 LITRE"),
    ("JAGUAR", "JAGUAR S-TYPE R"),
    ("JAGUAR", "JAGUAR VDP LWB"),
    ("JAGUAR", "JAGUAR XJ8"),
    ("JAGUAR", "JAGUAR XK8 CONVERTIBLE"),
    ("JAGUAR", "JAGUAR XKR CONVERTIBLE"),
    ("JAGUAR", "JAGUAR X-TYPE"),
    ("JAGUAR", "JAGUAR X-TYPE SPORT BRAKE"),
    ("KIA", "KIA AMANTI"),
    ("KIA", "KIA OPTIMA"),
    ("KIA", "KIA OPTIMA(MS)"),
    ("KIA", "KIA RIO"),
    ("KIA", "KIA SEDONA"),
    ("KIA", "KIA SORENTO 2WD"),
    ("KIA", "KIA SORENTO 4WD"),
    ("KIA", "KIA SPECTRA(LD)"),
    ("KIA", "KIA SPORTAGE 2WD"),
    ("KIA", "KIA SPORTAGE 4WD"),
    ("LAMBORGHINI", "L-140/715 GALLARDO"),
    ("LAMBORGHINI", "L-147/148 MURCIELAGO"),
    ("LAND ROVER", "LR3"),
    ("LAND ROVER", "RANGE ROVER"),
    ("LAND ROVER", "RANGE ROVER SPORT"),
    ("LOTUS", "ELISE/EXIGE"),
    ("MASERATI", "COUPE CAMBIOCORSA/GT/G-SPORT"),
    ("MASERATI", "MASERATI QUATTROPORTE"),
    ("MAZDA", "MAZDA 3"),
    ("MAZDA", "MAZDA 5"),
    ("MAZDA", "MAZDA 6"),
    ("MAZDA", "MAZDA 6 SPORT WAGON"),
    ("MAZDA", "MAZDA RX-8"),
    ("MAZDA", "MPV"),
    ("MAZDA", "MX-5"),
    ("MERCEDES BENZ", "C230"),
    ("MERCEDES BENZ", "C280"),
    ("MERCEDES BENZ", "C280 4MATIC"),
    ("MERCEDES BENZ", "C350"),
    ("MERCEDES BENZ", "C350 4MATIC"),
    ("MERCEDES BENZ", "C55 AMG"),
    ("MERCEDES BENZ", "CL65 AMG"),
    ("MERCEDES BENZ", "CLK350"),
    ("MERCEDES BENZ", "CLK350 (CABRIOLET)"),
    ("MERCEDES BENZ", "CLK55 AMG (CABRIOLET)"),
    ("MERCEDES BENZ", "CLS500"),
    ("MERCEDES BENZ", "CLS55 AMG"),
    ("MERCEDES BENZ", "E320 CDI"),
    ("MERCEDES BENZ", "E350"),
    ("MERCEDES BENZ", "E350 (WAGON)"),
    ("MERCEDES BENZ", "E350 4MATIC"),
    ("MERCEDES BENZ", "E350 4MATIC (WAGON)"),
    ("MERCEDES BENZ", "E500"),
    ("MERCEDES BENZ", "E55 AMG"),
    ("MERCEDES BENZ", "E55 AMG (WAGON)"),
    ("MERCEDES BENZ", "MAYBACH 57S"),
    ("MERCEDES BENZ", "MAYBACH 62"),
    ("MERCEDES BENZ", "ML350"),
    ("MERCEDES BENZ", "ML500"),
    ("MERCEDES BENZ", "R350"),
    ("MERCEDES BENZ", "R500"),
    ("MERCEDES BENZ", "S350"),
    ("MERCEDES BENZ", "S430"),
    ("MERCEDES BENZ", "SL500"),
    ("MERCEDES BENZ", "SL550"),
    ("MERCEDES BENZ", "SL600"),
    ("MERCEDES BENZ", "SL65 AMG"),
    ("MERCEDES BENZ", "SLK280"),
    ("MERCEDES BENZ", "SLK350"),
    ("MERCEDES BENZ", "SLR"),
    ("MITSUBISHI", "ECLIPSE"),
    ("MITSUBISHI", "ENDEAVOR 2WD"),
    ("MITSUBISHI", "ENDEAVOR 4WD"),
    ("MITSUBISHI", "GALANT"),
    ("MITSUBISHI", "LANCER"),
    ("MITSUBISHI", "LANCER EVOLUTION"),
    ("MITSUBISHI", "LANCER SPORTBACK"),
    ("MITSUBISHI", "MONTERO"),
    ("MITSUBISHI", "OUTLANDER 2WD"),
    ("MITSUBISHI", "OUTLANDER 4WD"),
    ("NUMMI", "VIBE"),
    ("NISSAN", "350Z"),
    ("NISSAN", "350Z ROADSTER"),
    ("NISSAN", "ALTIMA"),
    ("NISSAN", "ARMADA 2WD"),
    ("NISSAN", "ARMADA 4WD"),
    ("NISSAN", "FRONTIER 2WD"),
    ("NISSAN", "FRONTIER V6-2WD"),
    ("NISSAN", "FRONTIER V6-4WD"),
    ("NISSAN", "FX35 AWD"),
    ("NISSAN", "FX35 RWD"),
    ("NISSAN", "FX45 AWD"),
    ("NISSAN", "G35"),
    ("NISSAN", "M35"),
    ("NISSAN", "M35X"),
    ("NISSAN", "M45"),
    ("NISSAN", "MAXIMA"),
    ("NISSAN", "MURANO AWD"),
    ("NISSAN", "MURANO FWD"),
    ("NISSAN", "PATHFINDER 2WD"),
    ("NISSAN", "PATHFINDER 4WD"),
    ("NISSAN", "Q45"),
    ("NISSAN", "Q45 SPORT"),
    ("NISSAN", "QUEST"),
    ("NISSAN", "QX56 4WD"),
    ("NISSAN", "SENTRA"),
    ("NISSAN", "TITAN 2WD"),
    ("NISSAN", "TITAN 4WD"),
    ("NISSAN", "XTERRA 2WD"),
    ("NISSAN", "XTERRA 4WD"),
    ("PORSCHE", "BOXSTER"),
    ("PORSCHE", "BOXSTER S"),
    ("PORSCHE", "CARRERA 2 COUPE"),
    ("PORSCHE", "CAYENNE"),
    ("PORSCHE", "CAYENNE S"),
    ("PORSCHE", "CAYENNE TURBO"),
    ("PORSCHE", "CAYMAN S"),
    ("ROLLS-ROYCE", "PHANTOM"),
    ("ROUSH", "STAGE3 F150 SUPERCREW 4WD"),
    ("SPYDER", "C8 SPYDER"),
    ("SUZUKI", "AERIO"),
    ("SUZUKI", "AERIO SX"),
    ("SUZUKI", "AERIO SX AWD"),
    ("SUZUKI", "GRAND VITARA XL-7"),
    ("SUZUKI", "GRAND VITARA XL-7 4WD"),
    ("SUZUKI", "GRAND VITARA XV6"),
    ("SUZUKI", "GRAND VITARA XV6 AWD"),
    ("TOYOTA", "4RUNNER 2WD"),
    ("TOYOTA", "4RUNNER 4WD"),
    ("TOYOTA", "AVALON"),
    ("TOYOTA", "CAMRY"),
    ("TOYOTA", "CAMRY SOLARA"),
    ("TOYOTA", "CAMRY SOLARA CONVERTIBLE"),
    ("TOYOTA", "COROLLA"),
    ("TOYOTA", "COROLLA MATRIX"),
    ("TOYOTA", "ES 330"),
    ("TOYOTA", "GS 300 4WD"),
    ("TOYOTA", "GS 300/GS 430"),
    ("TOYOTA", "GX 470"),
    ("TOYOTA", "HIGHLANDER 2WD"),
    ("TOYOTA", "HIGHLANDER 4WD"),
    ("TOYOTA", "HIGHLANDER HYBRID 2WD"),
    ("TOYOTA", "HIGHLANDER HYBRID 4WD"),
    ("TOYOTA", "IS 250"),
    ("TOYOTA", "IS 250 AWD"),
    ("TOYOTA", "IS 350"),
    ("TOYOTA", "LS 430"),
    ("TOYOTA", "LX 470"),
    ("TOYOTA", "PRIUS"),
    ("TOYOTA", "RAV4 2WD"),
    ("TOYOTA", "RAV4 4WD"),
    ("TOYOTA", "RX 330 2WD"),
    ("TOYOTA", "RX 330 4WD"),
    ("TOYOTA", "RX 400H 4WD"),
    ("TOYOTA", "SC 430"),
    ("TOYOTA", "SCION TC"),
    ("TOYOTA", "SCION XA"),
    ("TOYOTA", "SCION XB"),
    ("TOYOTA", "SEQUOIA 2WD"),
    ("TOYOTA", "SEQUOIA 4WD"),
    ("TOYOTA", "SIENNA 2WD"),
    ("TOYOTA", "SIENNA 4WD"),
    ("TOYOTA", "TOYOTA TACOMA 2WD"),
    ("TOYOTA", "TOYOTA TACOMA 4WD"),
    ("TOYOTA", "TOYOTA TUNDRA 2WD"),
    ("TOYOTA", "TOYOTA TUNDRA 4WD"),
    ("TOYOTA", "YARIS"),
    ("VOLKSWAGEN", "A3 QUATTRO"),
    ("VOLKSWAGEN", "GOLF"),
    ("VOLKSWAGEN", "JETTA"),
    ("VOLKSWAGEN", "NEW BEETLE"),
    ("VOLKSWAGEN", "NEW BEETLE CONVERTIBLE"),
    ("VOLKSWAGEN", "PASSAT WAGON 4MOTION"),
    ("VOLKSWAGEN", "PHAETON"),
    ("VOLKSWAGEN", "RABBIT"),
    ("VOLKSWAGEN", "TOUAREG"),
    ("VOLKSWAGEN", "TT COUPE QUATTRO"),
    ("VOLKSWAGEN", "TT ROADSTER QUATTRO"),
    ("VOLVO", "NEW C70 CONVERTIBLE"),
    ("VOLVO", "S40 AWD"),
    ("VOLVO", "S40 FWD"),
    ("VOLVO", "S60 AWD"),
    ("VOLVO", "S60 FWD"),
    ("VOLVO", "S60 R AWD"),
    ("VOLVO", "S80 FWD"),
    ("VOLVO", "V50 AWD"),
    ("VOLVO", "V70 FWD"),
    ("VOLVO", "V70 R AWD"),
    ("VOLVO", "XC 70 AWD"),
    ("VOLVO", "XC 90 AWD"),
    ("VOLVO", "XC 90 FWD");

-- If status is ok, fines equals 0.
-- If status is arrears, fines is some random positive value.
INSERT INTO User(uid, pin, sname, fname, fines) VALUES
    (1234, 1234, "Woodward",  "Steven",    0),
    (1111, 1111, "Thompson",  "John",     50),
    (2222, 2222, "McLaren",   "Mark",      0),
    (3333, 3333, "Jones",     "Alan",      0),
    (4444, 4444, "Smith",     "Ernie",     0),
    (5555, 5555, "Eves",      "Dalton",   25),
    (6666, 6666, "Right",     "Michael",   0);
